[{"id":1,"nombre":"Facturas / Remitos + Indexación por carilla","desde_hasta":["1"],"precio":18,"descripcion":"Digitalización ADF \r\nPapeles sin ganchitos listos para su escaneo\r\nRANGO 1 de 1 a 500 carillas","imagen":"1707158227053_img_.jpg","category":"Digitalizacion_ADF"},{"id":2,"nombre":"Documentación médica","desde_hasta":["1"],"precio":16,"descripcion":"Digitalización ADF\r\nSin preparación - index\r\nRANGO 1 de 1 a 500","imagen":"1707158477615_img_.jpg","category":"Digitalizacion_ADF"},{"id":3,"nombre":"Contratos","desde_hasta":["1"],"precio":16,"descripcion":"Documentación lista para su escaneo","imagen":"1707158644559_img_.jpg","category":"Digitalizacion_ADF"},{"id":4,"nombre":"Libros de actas","desde_hasta":["2"],"precio":40,"descripcion":"Digitalización Libros\r\nRANGO 2 5001 a 2000 hojas","imagen":"1707158845346_img_.jpg","category":"Digitalizacion_libros"},{"id":5,"nombre":"Apuntes universitarios","desde_hasta":["1"],"precio":25,"descripcion":"Documentación física a Libros Digitales, PDF, Word Documents, con o sin OCR","imagen":"1707158997029_img_.jpg","category":"Digitalizacion_libros"},{"id":6,"nombre":"Certificados y Diplomas","desde_hasta":["1"],"precio":19,"descripcion":"Control de calidad de imagen\r\nResguardo y devolución de los documentos","imagen":"1707159146485_img_.jpg","category":"Digitalizacion_ADF"},{"id":7,"nombre":"Documentación histórica","desde_hasta":["2"],"precio":30,"descripcion":"","imagen":"1707159293021_img_.jpg","category":"Digitalizacion_libros"},{"id":1707160425175,"nombre":"Ilustraciones, Planos y Dibujos","desde_hasta":["1"],"precio":250,"descripcion":"Tamaño A3 o superior \r\nRANGO 1 de 1 a 500 imágenes","imagen":"1707160425162_img_.jpg","category":"Digitalizacion_libros"},{"id":1707306577885,"nombre":"Digitalizacion Libros tamaño A3","desde_hasta":["1"],"precio":125,"descripcion":"Rango de 1 a 500","imagen":"1707306577880_img_.jpg","category":"Digitalizacion_libros"},{"id":1707306735280,"nombre":"digitalizacion libros 2  + A3","precio":450,"descripcion":"Digitalizacion Rango 1 de 1 a 500 hojas/carillas","imagen":"1707306735276_img_.jpg","category":"Digitalizacion_libros"},{"id":1707873444391,"nombre":"Digitalización Historias Clinicas - Hojas sueltas","desde_hasta":["2"],"precio":41,"descripcion":"Digitalización hojas sueltas\r\nRango 2 de 501 a 2001","imagen":"1707873444387_img_.jpg","category":"Digitalizacion_ADF"}]